KBudget,Strategy,SeedIndex,SynthesisSeed,Classification,SynthesisSuccess,Gamma,SDPRounds,MaxViolationStage1,MaxViolationFinal,VSur,VCert,OutputLMISignedViolation,IncrementLMISignedViolation,NViolated,Polished,MonteCarloSuccessPct,RMSE95
8,SFPS+ICE,0,82,surrogate_pass,True,4.388706758119321,3,2.8760634705083517e-05,2.8760634705083517e-05,2.8760634705083517e-05,2.8760634705083517e-05,-0.00022007086740316267,-0.0010832122691737992,0,False,83.2,0.3561720938003098
8,SFPS+ICE,1,1082,surrogate_pass,True,4.396034101446427,3,7.195623261099951e-06,7.195623261099951e-06,7.195623261099951e-06,7.195623261099951e-06,-3.6321251571998815e-05,-0.0010951177104929705,0,False,84.0,0.3559415592087376
8,SFPS+ICE,2,2082,surrogate_pass,True,4.397967508020307,3,7.2989042709651595e-06,7.2989042709651595e-06,7.2989042709651595e-06,7.2989042709651595e-06,-0.0001682461070262351,-0.0010941337405783946,0,False,86.4,0.3592370871954692
8,SFPS+ICE,3,3082,surrogate_pass,True,4.371807764828172,3,3.515895138776641e-05,3.515895138776641e-05,3.515895138776641e-05,3.515895138776641e-05,-9.624072822894024e-06,-0.0011029976007094105,0,False,90.0,0.35544763142119545
8,SFPS+ICE,4,4082,surrogate_pass,True,4.390049578436663,3,2.8194641022080233e-05,2.8194641022080233e-05,2.8194641022080233e-05,2.8194641022080233e-05,-2.3215970883559126e-05,-0.0010824273169287731,0,False,85.0,0.3538075010408021
8,SFPS-init,0,82,failed,False,3.810147707590137,1,0.04381595469603195,0.04381595469603195,0.04381595469603195,0.04381595469603195,-2.855635278139107e-05,-0.0010191602518876855,126,False,0.0,9999.9
8,SFPS-init,1,1082,failed,False,3.8209952691921396,1,0.04812727774778889,0.04812727774778889,0.04812727774778889,0.04812727774778889,-2.621279860536816e-05,-0.0010098300041294869,124,False,0.0,9999.9
8,SFPS-init,2,2082,failed,False,3.816197795243712,1,0.042123660681519966,0.042123660681519966,0.042123660681519966,0.042123660681519966,-5.116540651446438e-05,-0.0010137348022881123,124,False,0.0,9999.9
8,SFPS-init,3,3082,failed,False,3.808411942787309,1,0.04257888587209364,0.04257888587209364,0.04257888587209364,0.04257888587209364,-3.0853438327086105e-05,-0.0010204961539281641,124,False,0.0,9999.9
8,SFPS-init,4,4082,failed,False,3.8213203287268853,1,0.047487871151436975,0.047487871151436975,0.047487871151436975,0.047487871151436975,-1.956976035154306e-05,-0.0010093843762427127,126,False,0.0,9999.9
8,Random+ICE,0,82,surrogate_pass,True,4.409641542721545,3,6.35363684045183e-06,6.35363684045183e-06,6.35363684045183e-06,6.35363684045183e-06,-2.8002495318115496e-06,-0.0010875273253150865,0,False,88.2,0.3573675087405997
8,Random+ICE,1,1082,surrogate_pass,True,4.403676800879913,4,2.647412764211683e-05,2.647412764211683e-05,2.647412764211683e-05,2.647412764211683e-05,-3.463095849994286e-05,-0.0010743855280584116,0,False,89.2,0.35607332002702896
8,Random+ICE,2,2082,failed,False,3.661710395053316,4,0.006155865897577684,0.006155865897577684,0.006155865897577684,0.006155865897577684,-2.65838806319049e-05,-0.001013362478681426,126,False,0.0,9999.9
8,Random+ICE,3,3082,failed,False,4.132244850837164,4,0.0006074370090432717,0.0006074370090432717,0.0006074370090432717,0.0006074370090432717,-0.00011621830128297478,-0.0010873598451581659,56,False,0.0,9999.9
8,Random+ICE,4,4082,failed,False,4.37722003279052,4,0.00039217201926888834,0.00039217201926888834,0.00039217201926888834,0.00039217201926888834,-1.5618157202142795e-05,-0.0010998853047999176,64,False,0.0,9999.9
8,TopK+ICE,0,82,failed,False,3.8488165150273583,4,0.0019187005338591049,0.0019187005338591049,0.0019187005338591049,0.0019187005338591049,-4.21872594085617e-05,-0.0009991049991077774,96,False,0.0,9999.9
8,TopK+ICE,1,1082,failed,False,3.8488165150273583,4,0.0019187005338591049,0.0019187005338591049,0.0019187005338591049,0.0019187005338591049,-4.21872594085617e-05,-0.0009991049991077774,96,False,0.0,9999.9
8,TopK+ICE,2,2082,failed,False,3.8488165150273583,4,0.0019187005338591049,0.0019187005338591049,0.0019187005338591049,0.0019187005338591049,-4.21872594085617e-05,-0.0009991049991077774,96,False,0.0,9999.9
8,TopK+ICE,3,3082,failed,False,3.8488165150273583,4,0.0019187005338591049,0.0019187005338591049,0.0019187005338591049,0.0019187005338591049,-4.21872594085617e-05,-0.0009991049991077774,96,False,0.0,9999.9
8,TopK+ICE,4,4082,failed,False,3.8488165150273583,4,0.0019187005338591049,0.0019187005338591049,0.0019187005338591049,0.0019187005338591049,-4.21872594085617e-05,-0.0009991049991077774,96,False,0.0,9999.9
8,FPS-Param+ICE,0,82,failed,False,4.373423210815959,4,0.0004138291218561039,0.0004138291218561039,0.0004138291218561039,0.0004138291218561039,-3.5633691349535755e-05,-0.001096942470640159,80,False,0.0,9999.9
8,FPS-Param+ICE,1,1082,failed,False,4.364323974260572,4,0.0004101346194113877,0.0004101346194113877,0.0004101346194113877,0.0004101346194113877,-0.00019027294957000825,-0.001103450591297928,79,False,0.0,9999.9
8,FPS-Param+ICE,2,2082,surrogate_pass,True,4.360938512670968,3,3.6901437661800035e-05,3.6901437661800035e-05,3.6901437661800035e-05,3.6901437661800035e-05,-6.117488863283013e-05,-0.0011100955904583998,0,False,87.4,0.35687685802937485
8,FPS-Param+ICE,3,3082,failed,False,3.8451160504214292,4,0.0019204735946592444,0.0019204735946592444,0.0019204735946592444,0.0019204735946592444,-4.770903965011198e-05,-0.0010022109930237165,112,False,0.0,9999.9
8,FPS-Param+ICE,4,4082,failed,False,4.141346237566153,4,0.0006053444174547733,0.0006053444174547733,0.0006053444174547733,0.0006053444174547733,-1.3466493690894907e-05,-0.0010814823736999893,32,False,0.0,9999.9
8,FPS-Delta+ICE,0,82,failed,False,4.368632728667325,4,0.0003988389548092031,0.0003988389548092031,0.0003988389548092031,0.0003988389548092031,-4.8296048204512627e-05,-0.0010998320193531138,104,False,0.0,9999.9
8,FPS-Delta+ICE,1,1082,surrogate_pass,True,4.363211618819346,3,3.653641344644109e-05,3.653641344644109e-05,3.653641344644109e-05,3.653641344644109e-05,-0.00011661593914339206,-0.0011094942181780088,0,False,90.8,0.3621299702000246
8,FPS-Delta+ICE,2,2082,surrogate_pass,True,4.40228778238782,4,6.81980248256524e-05,6.81980248256524e-05,6.81980248256524e-05,6.81980248256524e-05,-4.774412462749392e-05,-0.001069453440462876,0,False,88.6,0.36014454466139906
8,FPS-Delta+ICE,3,3082,failed,False,4.145764911927495,4,0.0006076708386202653,0.0006076708386202653,0.0006076708386202653,0.0006076708386202653,-8.049678011139598e-06,-0.0010803484590867882,32,False,0.0,9999.9
8,FPS-Delta+ICE,4,4082,surrogate_pass,True,4.35815159796828,4,3.7084086177605646e-05,3.7084086177605646e-05,3.7084086177605646e-05,3.7084086177605646e-05,-0.00022654329394639953,-0.0011118867478552266,0,False,84.2,0.3562568273467984
12,SFPS+ICE,0,110,surrogate_pass,True,4.360803268693332,2,3.672746043238033e-05,3.672746043238033e-05,3.672746043238033e-05,3.672746043238033e-05,-0.00019128802983960482,-0.0011099046120140942,0,False,82.8,0.35591005135891696
12,SFPS+ICE,1,1110,surrogate_pass,True,4.41300668925934,2,5.826990089418674e-06,5.826990089418674e-06,5.826990089418674e-06,5.826990089418674e-06,-6.843587578881575e-06,-0.0010875150435299258,0,False,92.2,0.3600373097490811
12,SFPS+ICE,2,2110,surrogate_pass,True,4.3591015940601565,2,3.688558006161259e-05,3.688558006161259e-05,3.688558006161259e-05,3.688558006161259e-05,-0.00022995945610184966,-0.0011123039681794767,0,False,83.6,0.35698718193512335
12,SFPS+ICE,3,3110,surrogate_pass,True,4.390410394343126,2,2.803963859630802e-05,2.803963859630802e-05,2.803963859630802e-05,2.803963859630802e-05,-5.3414135256710685e-05,-0.0010828449249476832,0,False,90.60000000000001,0.36100062419441925
12,SFPS+ICE,4,4110,surrogate_pass,True,4.371292673250357,2,3.503605585689922e-05,3.503605585689922e-05,3.503605585689922e-05,3.503605585689922e-05,-0.00013174058999270986,-0.0011036901043885348,0,False,91.4,0.36103657705699815
12,SFPS-init,0,110,failed,False,4.375613613116827,1,0.01328756319405058,0.01328756319405058,0.01328756319405058,0.01328756319405058,-5.702125213310775e-05,-0.0011012039515898358,64,False,0.0,9999.9
12,SFPS-init,1,1110,failed,False,4.360552628899352,1,0.03452085753728009,0.03452085753728009,0.03452085753728009,0.03452085753728009,-7.73978988516395e-05,-0.0011098958126293636,64,False,0.0,9999.9
12,SFPS-init,2,2110,failed,False,4.3606694651663815,1,0.030535718543708026,0.030535718543708026,0.030535718543708026,0.030535718543708026,-9.874013346119956e-05,-0.001110255317172352,64,False,0.0,9999.9
12,SFPS-init,3,3110,failed,False,4.364895110705292,1,0.032718610757735536,0.032718610757735536,0.032718610757735536,0.032718610757735536,-0.00019274887088603147,-0.0011078346013697483,64,False,0.0,9999.9
12,SFPS-init,4,4110,failed,False,4.365611657639189,1,0.039639854256406565,0.039639854256406565,0.039639854256406565,0.039639854256406565,-0.00020891303699661695,-0.0011077198330998435,64,False,0.0,9999.9
12,Random+ICE,0,110,failed,False,3.5939839165859406,4,0.0068380084210250755,0.0068380084210250755,0.0068380084210250755,0.0068380084210250755,-9.819922611140984e-06,-0.0015078776485125754,126,False,0.0,9999.9
12,Random+ICE,1,1110,surrogate_pass,True,4.391740209388737,3,2.859481824167259e-05,2.859481824167259e-05,2.859481824167259e-05,2.859481824167259e-05,-0.0002019173422102627,-0.00108265008505281,0,False,85.8,0.35773252416482787
12,Random+ICE,2,2110,failed,False,4.376862210480828,4,0.00010264878512133785,0.000674736735693636,0.000674736735693636,0.000674736735693636,-5.848624302494245e-06,-0.0010950954088578214,80,True,0.0,9999.9
12,Random+ICE,3,3110,failed,False,4.3846268257346885,4,0.0002632456049753295,0.0002632456049753295,0.0002632456049753295,0.0002632456049753295,-3.0079836350108392e-05,-0.0010856667209566044,96,False,0.0,9999.9
12,Random+ICE,4,4110,surrogate_pass,True,4.357309096973702,2,3.7216125366153694e-05,3.7216125366153694e-05,3.7216125366153694e-05,3.7216125366153694e-05,-2.195798814449936e-05,-0.0011119129343255952,0,False,88.4,0.3597830667434781
12,TopK+ICE,0,110,failed,False,3.8548220538476654,4,0.0019165172506827362,0.0019165172506827362,0.0019165172506827362,0.0019165172506827362,-1.0841083482902062e-05,-0.0009953362047916958,64,False,0.0,9999.9
12,TopK+ICE,1,1110,failed,False,3.8548220538476654,4,0.0019165172506827362,0.0019165172506827362,0.0019165172506827362,0.0019165172506827362,-1.0841083482902062e-05,-0.0009953362047916958,64,False,0.0,9999.9
12,TopK+ICE,2,2110,failed,False,3.8548220538476654,4,0.0019165172506827362,0.0019165172506827362,0.0019165172506827362,0.0019165172506827362,-1.0841083482902062e-05,-0.0009953362047916958,64,False,0.0,9999.9
12,TopK+ICE,3,3110,failed,False,3.8548220538476654,4,0.0019165172506827362,0.0019165172506827362,0.0019165172506827362,0.0019165172506827362,-1.0841083482902062e-05,-0.0009953362047916958,64,False,0.0,9999.9
12,TopK+ICE,4,4110,failed,False,3.8548220538476654,4,0.0019165172506827362,0.0019165172506827362,0.0019165172506827362,0.0019165172506827362,-1.0841083482902062e-05,-0.0009953362047916958,64,False,0.0,9999.9
12,FPS-Param+ICE,0,110,failed,False,4.366168513629104,4,0.0005332309390681817,0.0005332309390681817,0.0005332309390681817,0.0005332309390681817,-0.00021415416812974164,-0.0011065998981176434,64,False,0.0,9999.9
12,FPS-Param+ICE,1,1110,failed,False,3.6169307738309566,4,0.004007963448015152,0.004007963448015152,0.004007963448015152,0.004007963448015152,-1.1313425318726522e-05,-0.0015158437018745672,96,False,0.0,9999.9
12,FPS-Param+ICE,2,2110,near_surrogate,True,4.377136352427728,4,0.00010281820660963176,0.00010263551392649181,0.00010263551392649181,0.00010263551392649181,-1.2218582408009322e-06,-0.0010947397434846258,32,True,100.0,0.37526083478639666
12,FPS-Param+ICE,3,3110,surrogate_pass,True,4.360271641198214,3,3.692428686709647e-05,3.692428686709647e-05,3.692428686709647e-05,3.692428686709647e-05,-9.492266677226077e-05,-0.001110826566998326,0,False,86.4,0.35494586418450585
12,FPS-Param+ICE,4,4110,surrogate_pass,True,4.409940643213257,3,3.596182184746548e-05,3.596182184746548e-05,3.596182184746548e-05,3.596182184746548e-05,-2.9379766427660355e-05,-0.0010870343842503544,0,False,96.0,0.3634765209845642
12,FPS-Delta+ICE,0,110,surrogate_pass,True,4.392001930767765,3,2.8092301273952693e-05,2.8092301273952693e-05,2.8092301273952693e-05,2.8092301273952693e-05,-7.277383326255329e-05,-0.001081648858275451,0,False,87.6,0.35650690710840177
12,FPS-Delta+ICE,1,1110,surrogate_pass,True,4.397149767028911,4,2.7127932968234156e-05,2.7127932968234156e-05,2.7127932968234156e-05,2.7127932968234156e-05,-4.1568646531122875e-05,-0.0010784753300512656,0,False,88.8,0.35900425691911564
12,FPS-Delta+ICE,2,2110,near_surrogate,True,4.376807127946315,4,0.00010221849402617263,0.00010270177892839977,0.00010270177892839977,0.00010270177892839977,-6.544930183358633e-06,-0.0010951918879007047,32,True,97.2,0.36741737999884516
12,FPS-Delta+ICE,3,3110,surrogate_pass,True,4.395665952604913,4,7.513555462676732e-06,7.513555462676732e-06,7.513555462676732e-06,7.513555462676732e-06,-0.00022760173018935878,-0.0010956716609298541,0,False,82.19999999999999,0.3527886538284169
12,FPS-Delta+ICE,4,4110,surrogate_pass,True,4.390266720631264,4,2.8260984612137296e-05,2.8260984612137296e-05,2.8260984612137296e-05,2.8260984612137296e-05,-2.1441129241121023e-05,-0.0010822517448227428,0,False,86.2,0.35572071370600644
16,SFPS+ICE,0,138,surrogate_pass,True,4.366172256171639,1,3.615489621350661e-05,3.615489621350661e-05,3.615489621350661e-05,3.615489621350661e-05,-0.00020794355597756334,-0.0011068964874183663,0,False,85.2,0.35688903358640894
16,SFPS+ICE,1,1138,surrogate_pass,True,4.35983638689587,1,3.675691504645605e-05,3.675691504645605e-05,3.675691504645605e-05,3.675691504645605e-05,-9.826295348528021e-05,-0.0011106178141161095,0,False,87.2,0.3581289084491842
16,SFPS+ICE,2,2138,surrogate_pass,True,4.36732312848267,1,3.591083736667767e-05,3.591083736667767e-05,3.591083736667767e-05,3.591083736667767e-05,-5.731388289194289e-05,-0.0011058667829527522,0,False,92.2,0.360449897515261
16,SFPS+ICE,3,3138,surrogate_pass,True,4.3665617711825675,1,3.5805360040237126e-05,3.5805360040237126e-05,3.5805360040237126e-05,3.5805360040237126e-05,-4.623823182111971e-05,-0.0011062635180479684,0,False,91.4,0.3624488858293771
16,SFPS+ICE,4,4138,surrogate_pass,True,4.362293720595863,1,3.665748170330097e-05,3.665748170330097e-05,3.665748170330097e-05,3.665748170330097e-05,-8.208694921222969e-05,-0.0011086035952324574,0,False,89.2,0.3588493605473704
16,SFPS-init,0,138,surrogate_pass,True,4.366172256171639,1,3.615489621350661e-05,3.615489621350661e-05,3.615489621350661e-05,3.615489621350661e-05,-0.00020794355597756334,-0.0011068964874183663,0,False,85.2,0.35688903358640894
16,SFPS-init,1,1138,surrogate_pass,True,4.35983638689587,1,3.675691504645605e-05,3.675691504645605e-05,3.675691504645605e-05,3.675691504645605e-05,-9.826295348528021e-05,-0.0011106178141161095,0,False,87.2,0.3581289084491842
16,SFPS-init,2,2138,surrogate_pass,True,4.36732312848267,1,3.591083736667767e-05,3.591083736667767e-05,3.591083736667767e-05,3.591083736667767e-05,-5.731388289194289e-05,-0.0011058667829527522,0,False,92.2,0.360449897515261
16,SFPS-init,3,3138,surrogate_pass,True,4.3665617711825675,1,3.5805360040237126e-05,3.5805360040237126e-05,3.5805360040237126e-05,3.5805360040237126e-05,-4.623823182111971e-05,-0.0011062635180479684,0,False,91.4,0.3624488858293771
16,SFPS-init,4,4138,surrogate_pass,True,4.362293720595863,1,3.665748170330097e-05,3.665748170330097e-05,3.665748170330097e-05,3.665748170330097e-05,-8.208694921222969e-05,-0.0011086035952324574,0,False,89.2,0.3588493605473704
16,Random+ICE,0,138,surrogate_pass,True,4.374927381447626,1,7.647974545519324e-05,7.647974545519324e-05,7.647974545519324e-05,7.647974545519324e-05,-5.774161160573836e-05,-0.001101322259303462,0,False,91.8,0.3630692375858483
16,Random+ICE,1,1138,surrogate_pass,True,4.397809990667261,2,6.868909889547878e-05,6.868909889547878e-05,6.868909889547878e-05,6.868909889547878e-05,-8.264629425687786e-05,-0.0010724320796659094,0,False,91.4,0.3574387848114625
16,Random+ICE,2,2138,surrogate_pass,True,4.409434405465844,4,5.5348987842785866e-06,5.5348987842785866e-06,5.5348987842785866e-06,5.5348987842785866e-06,-4.2458354024091935e-05,-0.0010874409975104979,0,False,89.2,0.358297373110256
16,Random+ICE,3,3138,near_surrogate,True,4.377082956592027,4,0.0001028696766053227,0.0001026141653871617,0.0001026141653871617,0.0001026141653871617,-2.657087376358466e-06,-0.0010947604353085138,32,True,100.0,0.3752946409992604
16,Random+ICE,4,4138,surrogate_pass,True,4.39349019461383,4,2.7961509666895648e-05,2.7961509666895648e-05,2.7961509666895648e-05,2.7961509666895648e-05,-6.19857974834332e-05,-0.0010804411474087474,0,False,89.60000000000001,0.3556544144325778
16,TopK+ICE,0,138,failed,False,3.8506812053799777,4,0.02235655602964222,0.02235655602964222,0.02235655602964222,0.02235655602964222,-3.227508349946149e-05,-0.0009977088469159295,96,False,0.0,9999.9
16,TopK+ICE,1,1138,failed,False,3.8506812053799777,4,0.02235655602964222,0.02235655602964222,0.02235655602964222,0.02235655602964222,-3.227508349946149e-05,-0.0009977088469159295,96,False,0.0,9999.9
16,TopK+ICE,2,2138,failed,False,3.8506812053799777,4,0.02235655602964222,0.02235655602964222,0.02235655602964222,0.02235655602964222,-3.227508349946149e-05,-0.0009977088469159295,96,False,0.0,9999.9
16,TopK+ICE,3,3138,failed,False,3.8506812053799777,4,0.02235655602964222,0.02235655602964222,0.02235655602964222,0.02235655602964222,-3.227508349946149e-05,-0.0009977088469159295,96,False,0.0,9999.9
16,TopK+ICE,4,4138,failed,False,3.8506812053799777,4,0.02235655602964222,0.02235655602964222,0.02235655602964222,0.02235655602964222,-3.227508349946149e-05,-0.0009977088469159295,96,False,0.0,9999.9
16,FPS-Param+ICE,0,138,surrogate_pass,True,4.400659411680793,2,2.7052970026507393e-05,2.7052970026507393e-05,2.7052970026507393e-05,2.7052970026507393e-05,-5.593465826932071e-05,-0.0010758914314711611,0,False,96.0,0.3626071241538085
16,FPS-Param+ICE,1,1138,surrogate_pass,True,4.370235406787667,2,3.5394700876820957e-05,3.5394700876820957e-05,3.5394700876820957e-05,3.5394700876820957e-05,-2.1085052825664265e-05,-0.0011041646020289887,0,False,93.8,0.3601363302407088
16,FPS-Param+ICE,2,2138,surrogate_pass,True,4.364092213869466,2,3.62465331446796e-05,3.62465331446796e-05,3.62465331446796e-05,3.62465331446796e-05,-0.0002300226360854323,-0.0011078844672146003,0,False,84.39999999999999,0.35605553066613493
16,FPS-Param+ICE,3,3138,surrogate_pass,True,4.393539607850878,2,2.7827901000129374e-05,2.7827901000129374e-05,2.7827901000129374e-05,2.7827901000129374e-05,-2.5343390879265608e-05,-0.001080489480634585,0,False,90.0,0.3571060956656949
16,FPS-Param+ICE,4,4138,surrogate_pass,True,4.391772969190494,2,2.7846290149838662e-05,2.7846290149838662e-05,2.7846290149838662e-05,2.7846290149838662e-05,-4.4025999088464215e-06,-0.0010813874556512705,0,False,88.6,0.3627981542838092
16,FPS-Delta+ICE,0,138,surrogate_pass,True,4.366260325465512,1,3.597374668437471e-05,3.597374668437471e-05,3.597374668437471e-05,3.597374668437471e-05,-0.00020138244892526044,-0.0011066846733797935,0,False,89.60000000000001,0.36244451939129896
16,FPS-Delta+ICE,1,1138,surrogate_pass,True,4.392428766212924,2,6.88319176559646e-05,6.88319176559646e-05,6.88319176559646e-05,6.88319176559646e-05,-5.8184625929830066e-05,-0.001075105654680722,0,False,88.8,0.3602655001365859
16,FPS-Delta+ICE,2,2138,surrogate_pass,True,4.412561271189952,3,5.9258542476463345e-06,5.9258542476463345e-06,5.9258542476463345e-06,5.9258542476463345e-06,-3.965188778013346e-06,-0.0010863265352288412,0,False,92.4,0.3624271325573655
16,FPS-Delta+ICE,3,3138,surrogate_pass,True,4.38610659272464,4,6.881783375222159e-05,6.881783375222159e-05,6.881783375222159e-05,6.881783375222159e-05,-0.0002611266999386615,-0.0010784591101526775,0,False,82.8,0.3548158404574952
16,FPS-Delta+ICE,4,4138,surrogate_pass,True,4.400529700477978,4,6.867741546965885e-05,6.867741546965885e-05,6.867741546965885e-05,6.867741546965885e-05,-1.1146165956468582e-05,-0.0010708396919520222,0,False,92.60000000000001,0.36018206220335897
20,SFPS+ICE,0,166,surrogate_pass,True,4.360700539784946,1,3.733528949768871e-05,3.733528949768871e-05,3.733528949768871e-05,3.733528949768871e-05,-0.00023321150275227703,-0.0011106813611437747,0,False,86.0,0.3619245411445099
20,SFPS+ICE,1,1166,surrogate_pass,True,4.368797457296619,1,3.534238481408193e-05,3.534238481408193e-05,3.534238481408193e-05,3.534238481408193e-05,-0.00015040511614207636,-0.0011073299837830633,0,False,88.6,0.3608221975000144
20,SFPS+ICE,2,2166,surrogate_pass,True,4.370999045036783,1,3.484340411468469e-05,3.484340411468469e-05,3.484340411468469e-05,3.484340411468469e-05,-2.4269022939490235e-06,-0.0011067068813824278,0,False,95.6,0.3651266219277261
20,SFPS+ICE,3,3166,surrogate_pass,True,4.372554456643504,1,3.495950349703316e-05,3.495950349703316e-05,3.495950349703316e-05,3.495950349703316e-05,-5.6084815923014964e-05,-0.0011038418491393033,0,False,87.6,0.359457893273059
20,SFPS+ICE,4,4166,surrogate_pass,True,4.372013874110631,1,3.437518591984295e-05,3.437518591984295e-05,3.437518591984295e-05,3.437518591984295e-05,-9.85435536595106e-05,-0.0011068458765443752,0,False,93.0,0.36496782848822
20,SFPS-init,0,166,surrogate_pass,True,4.360700539784946,1,3.733528949768871e-05,3.733528949768871e-05,3.733528949768871e-05,3.733528949768871e-05,-0.00023321150275227703,-0.0011106813611437747,0,False,86.0,0.3619245411445099
20,SFPS-init,1,1166,surrogate_pass,True,4.368797457296619,1,3.534238481408193e-05,3.534238481408193e-05,3.534238481408193e-05,3.534238481408193e-05,-0.00015040511614207636,-0.0011073299837830633,0,False,88.6,0.3608221975000144
20,SFPS-init,2,2166,surrogate_pass,True,4.370999045036783,1,3.484340411468469e-05,3.484340411468469e-05,3.484340411468469e-05,3.484340411468469e-05,-2.4269022939490235e-06,-0.0011067068813824278,0,False,95.6,0.3651266219277261
20,SFPS-init,3,3166,surrogate_pass,True,4.372554456643504,1,3.495950349703316e-05,3.495950349703316e-05,3.495950349703316e-05,3.495950349703316e-05,-5.6084815923014964e-05,-0.0011038418491393033,0,False,87.6,0.359457893273059
20,SFPS-init,4,4166,surrogate_pass,True,4.372013874110631,1,3.437518591984295e-05,3.437518591984295e-05,3.437518591984295e-05,3.437518591984295e-05,-9.85435536595106e-05,-0.0011068458765443752,0,False,93.0,0.36496782848822
20,Random+ICE,0,166,surrogate_pass,True,4.400423294067046,3,2.7097970958043495e-05,2.7097970958043495e-05,2.7097970958043495e-05,2.7097970958043495e-05,-0.00011939938116862473,-0.0010759437175588713,0,False,96.39999999999999,0.36746970508846544
20,Random+ICE,1,1166,surrogate_pass,True,4.396585112399248,4,2.7408449478638007e-05,2.7408449478638007e-05,2.7408449478638007e-05,2.7408449478638007e-05,-2.0486464860812736e-05,-0.0010780387871137246,0,False,97.39999999999999,0.36016672326907706
20,Random+ICE,2,2166,surrogate_pass,True,4.388983315232111,2,6.899753479887019e-05,6.899753479887019e-05,6.899753479887019e-05,6.899753479887019e-05,-0.000209163029347616,-0.001077347936562501,0,False,84.39999999999999,0.35490753904333544
20,Random+ICE,3,3166,surrogate_pass,True,4.391697755362446,2,6.84631138932565e-05,6.84631138932565e-05,6.84631138932565e-05,6.84631138932565e-05,-2.9442857851211545e-05,-0.0010762734281847283,0,False,88.8,0.36329113165998905
20,Random+ICE,4,4166,surrogate_pass,True,4.396418712731855,3,7.241850598896462e-06,7.241850598896462e-06,7.241850598896462e-06,7.241850598896462e-06,-5.930877273325115e-05,-0.0010950954240591013,0,False,92.0,0.36142344486144584
20,TopK+ICE,0,166,failed,False,3.8399287195528524,4,0.001917592971157223,0.001917592971157223,0.001917592971157223,0.001917592971157223,-8.809560309304462e-06,-0.0010039178267308563,64,False,0.0,9999.9
20,TopK+ICE,1,1166,failed,False,3.8399287195528524,4,0.001917592971157223,0.001917592971157223,0.001917592971157223,0.001917592971157223,-8.809560309304462e-06,-0.0010039178267308563,64,False,0.0,9999.9
20,TopK+ICE,2,2166,failed,False,3.8399287195528524,4,0.001917592971157223,0.001917592971157223,0.001917592971157223,0.001917592971157223,-8.809560309304462e-06,-0.0010039178267308563,64,False,0.0,9999.9
20,TopK+ICE,3,3166,failed,False,3.8399287195528524,4,0.001917592971157223,0.001917592971157223,0.001917592971157223,0.001917592971157223,-8.809560309304462e-06,-0.0010039178267308563,64,False,0.0,9999.9
20,TopK+ICE,4,4166,failed,False,3.8399287195528524,4,0.001917592971157223,0.001917592971157223,0.001917592971157223,0.001917592971157223,-8.809560309304462e-06,-0.0010039178267308563,64,False,0.0,9999.9
20,FPS-Param+ICE,0,166,surrogate_pass,True,4.3909601243477026,1,6.83500391678653e-05,6.83500391678653e-05,6.83500391678653e-05,6.83500391678653e-05,-7.514518128191794e-05,-0.0010765455681509906,0,False,90.60000000000001,0.3607662108071963
20,FPS-Param+ICE,1,1166,surrogate_pass,True,4.361345200839171,1,3.579314171242128e-05,3.579314171242128e-05,3.579314171242128e-05,3.579314171242128e-05,-7.869773000616547e-05,-0.001110307743424526,0,False,87.2,0.35835487024705415
20,FPS-Param+ICE,2,2166,surrogate_pass,True,4.389142576100372,2,2.854582180228448e-05,2.854582180228448e-05,2.854582180228448e-05,2.854582180228448e-05,-1.796770863769049e-05,-0.0010832242168511115,0,False,91.0,0.3609664923402935
20,FPS-Param+ICE,3,3166,surrogate_pass,True,4.3883759912245495,2,2.861926418036182e-05,2.861926418036182e-05,2.861926418036182e-05,2.861926418036182e-05,-0.00024944590095743333,-0.0010837506205116161,0,False,84.6,0.3582221228308715
20,FPS-Param+ICE,4,4166,surrogate_pass,True,4.4091484691268565,2,2.3949939636851507e-06,2.3949939636851507e-06,2.3949939636851507e-06,2.3949939636851507e-06,-0.0001858020804270719,-0.001079073280597914,0,False,89.4,0.35762540616420063
20,FPS-Delta+ICE,0,166,surrogate_pass,True,4.388836634348802,4,6.871570859663651e-05,6.871570859663651e-05,6.871570859663651e-05,6.871570859663651e-05,-1.9653312808669832e-05,-0.0010774595923078844,0,False,92.0,0.35906766817511615
20,FPS-Delta+ICE,1,1166,surrogate_pass,True,4.392641332026115,3,6.845284274492102e-05,6.845284274492102e-05,6.845284274492102e-05,6.845284274492102e-05,-2.9290779569577676e-05,-0.0010753943845615318,0,False,93.60000000000001,0.362735750835133
20,FPS-Delta+ICE,2,2166,surrogate_pass,True,4.358953588192639,4,3.7168101818362695e-05,3.7168101818362695e-05,3.7168101818362695e-05,3.7168101818362695e-05,-0.00011328004352169729,-0.0011122743117942585,0,False,87.0,0.35828724216202623
20,FPS-Delta+ICE,3,3166,surrogate_pass,True,4.408391080008263,4,6.256562955713889e-06,6.256562955713889e-06,6.256562955713889e-06,6.256562955713889e-06,-0.00014475141242746605,-0.0010882292236203826,0,False,92.2,0.3595517010618287
20,FPS-Delta+ICE,4,4166,surrogate_pass,True,4.3681090485422995,3,3.5346426767390595e-05,3.5346426767390595e-05,3.5346426767390595e-05,3.5346426767390595e-05,-0.00018992126446058132,-0.0011066527682606197,0,False,90.0,0.35774585420808325
